{
    "pgn_file": "C:\\Users\\desja\\Documents\\Python_programs\\chess_study\\all rapid games since making goal from chess.com\\goalgames.pgn",
    "games_to_process_indices": [
        1145,
        2170,
        2918,
        3724,
        4264,
        4787,
        5516,
        6187,
        6988,
        7648,
        8675,
        9663,
        10505,
        11107,
        11561,
        12234,
        12932,
        14022,
        14440,
        15189,
        15882,
        16785,
        17475,
        18127,
        19116,
        20121,
        20952,
        21411,
        21965,
        22461,
        22994,
        23948,
        24650,
        25145,
        25712,
        26261,
        26930,
        27409,
        28203,
        29313,
        30021,
        30794,
        31267,
        31967,
        32620,
        33065,
        33852,
        34946,
        35627,
        36019,
        36454,
        37024,
        37479,
        38513,
        39740,
        40484,
        41384,
        42002,
        42882,
        43420,
        44255,
        45062,
        46293,
        47022,
        47729,
        48235,
        48916,
        49676,
        50387,
        51071,
        51737,
        52218,
        52926,
        53546,
        53974,
        54521,
        55401,
        56063,
        56662,
        57274,
        58122,
        58690
    ],
    "completed_games_data": [
        {
            "game_num": 1,
            "white": "sananabdulla10",
            "black": "Desjardins373",
            "r_squared": 0.7672547121149005,
            "graph_path": "C:\\Users\\desja\\Documents\\Python_programs\\chess_study\\chess_analysis_session\\performance_graph_game_1.png",
            "model_type": "Polynomial",
            "avg_quality": 0.7537593984962406,
            "moves": 19,
            "estimated_rating": 1848,
            "model_results_raw": {
                "stockfish_elo_3150": 0.9402255639097744,
                "stockfish_elo_3095": 0.9338345864661655,
                "stockfish_elo_3039": 0.8996240601503759,
                "stockfish_elo_2984": 0.9199248120300751,
                "stockfish_elo_2928": 0.86203007518797,
                "stockfish_elo_2873": 0.9421052631578947,
                "stockfish_elo_2817": 0.8778195488721806,
                "stockfish_elo_2762": 0.9609022556390979,
                "stockfish_elo_2706": 0.8710526315789474,
                "stockfish_elo_2651": 0.8398496240601504,
                "stockfish_elo_2595": 0.8778195488721806,
                "stockfish_elo_2540": 0.806766917293233,
                "stockfish_elo_2485": 0.7548872180451128,
                "stockfish_elo_2374": 0.8206766917293233,
                "stockfish_elo_2318": 0.8703007518796992,
                "stockfish_elo_2263": 0.7545112781954887,
                "stockfish_elo_2207": 0.7507518796992482,
                "stockfish_elo_2152": 0.7823308270676691,
                "stockfish_elo_2096": 0.7233082706766917,
                "stockfish_elo_2041": 0.8052631578947369,
                "stockfish_elo_1985": 0.7560150375939849,
                "stockfish_elo_1930": 0.8642857142857142,
                "stockfish_elo_1875": 0.7533834586466165,
                "stockfish_elo_1819": 0.7142857142857143,
                "stockfish_elo_1764": 0.7646616541353385,
                "stockfish_elo_1708": 0.6661654135338346,
                "stockfish_elo_1653": 0.7627819548872181,
                "stockfish_elo_1542": 0.7221804511278195,
                "stockfish_elo_1486": 0.7030075187969925,
                "stockfish_elo_1431": 0.6406015037593985,
                "stockfish_elo_1375": 0.6451127819548872,
                "stockfish_elo_1320": 0.574436090225564
            }
        },
        {
            "game_num": 2,
            "white": "claudorios15",
            "black": "Desjardins373",
            "r_squared": 0.779894398412521,
            "graph_path": "C:\\Users\\desja\\Documents\\Python_programs\\chess_study\\chess_analysis_session\\performance_graph_game_2.png",
            "model_type": "Polynomial",
            "avg_quality": 0.8129629629629629,
            "moves": 27,
            "estimated_rating": 2661,
            "model_results_raw": {
                "stockfish_elo_3150": 0.914814814814815,
                "stockfish_elo_3095": 0.8962962962962964,
                "stockfish_elo_3039": 0.8851851851851852,
                "stockfish_elo_2984": 0.8817460317460318,
                "stockfish_elo_2928": 0.8923280423280423,
                "stockfish_elo_2873": 0.8576719576719576,
                "stockfish_elo_2817": 0.8624338624338624,
                "stockfish_elo_2762": 0.8063492063492064,
                "stockfish_elo_2706": 0.8007936507936507,
                "stockfish_elo_2651": 0.8685185185185186,
                "stockfish_elo_2595": 0.7616402116402118,
                "stockfish_elo_2540": 0.7912698412698412,
                "stockfish_elo_2485": 0.8066137566137566,
                "stockfish_elo_2374": 0.7415343915343917,
                "stockfish_elo_2318": 0.7037037037037037,
                "stockfish_elo_2263": 0.833068783068783,
                "stockfish_elo_2207": 0.773015873015873,
                "stockfish_elo_2152": 0.8031746031746032,
                "stockfish_elo_2096": 0.8063492063492064,
                "stockfish_elo_2041": 0.6867724867724867,
                "stockfish_elo_1985": 0.7021164021164021,
                "stockfish_elo_1930": 0.6767195767195766,
                "stockfish_elo_1875": 0.8021164021164023,
                "stockfish_elo_1819": 0.7751322751322751,
                "stockfish_elo_1764": 0.7251322751322752,
                "stockfish_elo_1708": 0.5603174603174603,
                "stockfish_elo_1653": 0.6216931216931216,
                "stockfish_elo_1542": 0.6335978835978836,
                "stockfish_elo_1486": 0.717989417989418,
                "stockfish_elo_1431": 0.5783068783068783,
                "stockfish_elo_1375": 0.5830687830687831,
                "stockfish_elo_1320": 0.5261904761904762
            }
        }
    ],
    "in_progress_game": {}
}